region_code,name,capital,source,version
GH-AHAFO,Ahafo,,https://imccod.gov.gh/mmdas/,government-snapshot-2026-10-03-v1
GH-ASHANTI,Ashanti,,https://imccod.gov.gh/mmdas/,government-snapshot-2026-10-03-v1
GH-BONO,Bono,,https://imccod.gov.gh/mmdas/,government-snapshot-2026-10-03-v1
GH-BONO-EAST,Bono East,,https://imccod.gov.gh/mmdas/,government-snapshot-2026-10-03-v1
GH-CENTRAL,Central,,https://imccod.gov.gh/mmdas/,government-snapshot-2026-10-03-v1
GH-EASTERN,Eastern,,https://imccod.gov.gh/mmdas/,government-snapshot-2026-10-03-v1
GH-GREATER-ACCRA,Greater Accra,,https://imccod.gov.gh/mmdas/,government-snapshot-2026-10-03-v1
GH-NORTH-EAST,North East,,https://imccod.gov.gh/mmdas/,government-snapshot-2026-10-03-v1
GH-NORTHERN,Northern,,https://imccod.gov.gh/mmdas/,government-snapshot-2026-10-03-v1
GH-OTI,Oti,,https://imccod.gov.gh/mmdas/,government-snapshot-2026-10-03-v1
GH-SAVANNAH,Savannah,,https://imccod.gov.gh/mmdas/,government-snapshot-2026-10-03-v1
GH-UPPER-EAST,Upper East,,https://imccod.gov.gh/mmdas/,government-snapshot-2026-10-03-v1
GH-UPPER-WEST,Upper West,,https://imccod.gov.gh/mmdas/,government-snapshot-2026-10-03-v1
GH-VOLTA,Volta,,https://imccod.gov.gh/mmdas/,government-snapshot-2026-10-03-v1
GH-WESTERN,Western,,https://imccod.gov.gh/mmdas/,government-snapshot-2026-10-03-v1
GH-WESTERN-NORTH,Western North,,https://imccod.gov.gh/mmdas/,government-snapshot-2026-10-03-v1
